ax,ay,az
14234,-920,16993
17294,-834,17090
17294,-834,17090
19784,-878,17190
19784,-878,17190
21144,-836,17226
22348,-850,17244
23398,-815,17259
24618,-686,17286
25780,-638,17311
26464,-660,17307
27107,-609,17290
28098,-525,17335
29008,-460,17426
29601,-410,17451
30218,-346,17427
30893,-254,17428
31334,-152,17440
31742,-36,17468
32346,94,17512
32764,213,17535
32764,339,17522
32764,589,17496
32764,956,17487
32764,1300,17481
32764,1660,17465
32764,2046,17465
32764,2406,17463
32764,2406,17463
32764,3092,17466
32764,3092,17466
32520,3410,17432
31809,3460,17363
31107,3512,17316
30224,3455,17270
29251,3346,17228
28407,3158,17232
28407,3158,17232
26090,2420,17139
26090,2420,17139
23856,1876,17087
23856,1876,17087
21230,1208,17035
21230,1208,17035
18424,638,16957
18424,638,16957
15689,292,16888
15689,292,16888
14088,102,16814
12609,-103,16761
11170,-222,16733
9602,-318,16680
8086,-426,16622
6649,-508,16595
5094,-573,16576
3529,-611,16539
2074,-588,16493
594,-585,16432
-916,-637,16367
-2336,-640,16314
-3727,-628,16268
-5195,-652,16232
-6716,-662,16188
-8154,-656,16120
-9479,-669,16058
-10934,-704,16000
-12432,-677,15938
-13658,-593,15902
-14859,-570,15895
-16342,-650,15835
-17820,-731,15726
-19038,-762,15668
-20265,-770,15675
-21534,-771,15685
-22622,-828,15669
-23832,-933,15616
-25258,-998,15549
-26312,-1041,15528
-26991,-1090,15539
-28022,-1141,15511
-29252,-1224,15469
-29891,-1268,15491
-29891,-1268,15491
-31246,-1267,15533
-31246,-1267,15533
-32555,-1312,15466
-32555,-1312,15466
-32764,-1351,15516
-32764,-1351,15516
-32764,-1356,15508
-32764,-1356,15508
-32764,-1334,15523
-32764,-1334,15523
-32764,-1323,15525
-32764,-1273,15533
-32764,-1244,15554
-32764,-1256,15565
-32764,-1204,15560
-31670,-1135,15621
-31670,-1135,15621
-29931,-1048,15801
-29931,-1048,15801
-28808,-1026,15812
-28808,-1026,15770
-27925,-924,15774
-26829,-775,15831
-25552,-632,15892
-24157,-536,15946
-23060,-474,15988
-22376,-409,15970
-21451,-312,15923
-19803,-194,15957
-17831,-90,16062
-16222,-62,16147
-15108,-63,16162
-14049,-58,16112
-12506,-86,16099
-10551,62,16186
-8769,221,16318
-7200,38,16432
-5532,-181,16516
-3836,-243,16577
-2280,-328,16612
-852,-450,16602
570,-578,16584
570,-578,16584
3771,-676,16695
3771,-676,16695
6737,-794,16849
6737,-794,16849
9851,-832,16956
11506,-852,17021
12872,-946,17067
14126,-1011,17082
15564,-962,17069
17079,-922,17073
17079,-922,17073
19598,-886,17171
19598,-886,17171
22208,-760,17250
22208,-760,17250
24416,-726,17305
24416,-726,17305
26305,-663,17316
26305,-663,17316
28252,-515,17344
28252,-515,17344
29169,-438,17433
29415,-456,17425
30004,-437,17406
30864,-341,17431
31245,-245,17433
31640,-167,17435
32466,-76,17483
32764,57,17512
32764,227,17495
32764,451,17479
32764,776,17482
32764,1148,17474
32764,1548,17460
32764,1963,17476
32764,2298,17473
32764,2648,17429
32764,3088,17408
32764,3395,17416
32764,3526,17402
32078,3629,17350
31277,3623,17295
30272,3464,17261
29347,3387,17252
28676,3288,17261
27618,2918,17223
26192,2552,17146
25080,2274,17114
24080,1928,17120
22774,1586,17105
21382,1262,17071
20024,949,17045
18615,650,17017
17226,650,17017
15774,286,16940
15774,286,16940
12662,-50,16797
12662,-50,16797
9849,-262,16725
9849,-262,16725
6816,-428,16603
6816,-428,16603
3773,-588,16540
3773,-588,16540
2277,-592,16482
799,-632,16439
-717,-647,16405
-2201,-630,16363
-3612,-664,16298
-5021,-688,16233
-6489,-681,16190
-9251,-665,16144
-9251,-665,16144
-12280,-711,16004
-12280,-711,16004
-13467,-616,15985
-14610,-561,15982
-16120,-612,15906
-17616,-654,15790
-18808,-672,15731
-20024,-726,15710
-21310,-787,15664
-22434,-818,15606
-23633,-856,15574
-25025,-899,15570
-26157,-942,15587
-26983,-1016,15600
-27971,-1128,15570
-29061,-1218,15529
-29795,-1235,15538
-30335,-1262,15564
-31092,-1318,15530
-31915,-1316,15483
-32476,-1272,15492
-32764,-1274,15506
-32764,-1308,15462
-32764,-1362,15400
-32764,-1430,15392
-32764,-1430,15392
-32764,-1452,15486
-32764,-1452,15486
-32764,-1331,15535
-32764,-1331,15535
-32764,-1306,15589
-32697,-1278,15612
-32312,-1226,15603
-31870,-1186,15606
-31022,-1160,15682
-30131,-1092,15762
-30131,-1092,15762
-28842,-976,15744
-28842,-976,15744
-26782,-758,15886
-26782,-758,15886
-24319,-570,15976
-24319,-570,15976
-22452,-384,15988
-22452,-384,15988
-19922,-260,15939
-19922,-260,15939
-17924,-148,16034
-16336,-71,16111
-15312,-60,16128
-14330,-87,16082
-12871,-118,16085
-10926,-27,16194
-8997,134,16318
-7391,68,16404
-5823,-123,16462
-4128,-212,16507
-2512,-284,16562
-1057,-411,16614
345,-555,16632
1818,-632,16647
3448,-621,16710
5123,-633,16786
6582,-729,16818
7922,-825,16832
9528,-832,16879
11276,-832,16938
12728,-904,16962
13960,-950,16966
15374,-899,16981
16965,-838,17037
18310,-828,17108
19408,-833,17129
20699,-818,17124
22072,-762,17156
23138,-742,17210
24194,-728,17262
25420,-678,17317
26296,-695,17348
26296,-695,17348
27934,-519,17408
27934,-519,17408
29435,-450,17486
29435,-450,17486
30700,-297,17492
30700,-297,17492
31648,-124,17492
31648,-124,17492
32764,172,17536
32764,172,17536
32764,352,17520
32764,554,17480
32764,884,17472
32764,1222,17487
32764,1620,17512
32764,2064,17512
32764,2398,17481
32764,3032,17410
32764,3032,17410
32764,3382,17448
32764,3382,17448
32273,3493,17438
31289,3503,17369
30324,3356,17292
29359,3154,17229
28572,3059,17210
27762,2860,17228
26471,2459,17200
25148,2106,17142
24181,1848,17113
23077,1538,17081
21609,1206,17043
20155,948,17016
18844,707,16973
17468,482,16921
15973,330,16884
14466,184,16854
13014,10,16813
11532,-151,16742
9955,-278,16659
8448,-344,16609
7058,-386,16592
7058,-386,16592
3968,-427,16569
3968,-427,16569
1004,-534,16501
1004,-534,16501
-2060,-570,16347
-2060,-570,16347
-4716,-560,16280
-6212,-589,16263
-7670,-568,16216
-9101,-541,16126
-9101,-541,16126
-12012,-610,15949
-12012,-610,15949
-14560,-558,15910
-14560,-558,15910
-17426,-632,15820
-17426,-632,15820
-19980,-673,15754
-19980,-673,15754
-22335,-801,15641
-22335,-801,15641
-23465,-859,15662
-24904,-958,15672
-26148,-1033,15644
-26916,-1076,15618
-27810,-1117,15605
-28940,-1220,15592
-29671,-1258,15602
-30234,-1238,15602
-31202,-1306,15540
-32016,-1331,15502
-32279,-1330,15528
-32629,-1394,15526
-32764,-1397,15471
-32764,-1380,15424
-32764,-1423,15424
-32764,-1437,15426
-32764,-1444,15414
-32764,-1461,15449
-32764,-1410,15488
-32764,-1365,15490
-32764,-1378,15503
-32764,-1354,15527
-32527,-1286,15575
-31881,-1178,15662
-31036,-1106,15731
-30235,-1112,15753
-29536,-1070,15761
-28909,-997,15770
-28122,-907,15808
-27038,-765,15879
-25849,-683,15926
-24566,-611,15966
-23336,-611,15966
-22583,-420,16026
-22583,-420,16026
-20248,-178,15912
-20248,-178,15912
-16706,-23,16155
-16706,-23,16155
-14500,-110,16138
-14500,-110,16138
-10795,62,16230
-10795,62,16230
-9112,169,16287
-7662,27,16316
-6055,-93,16383
-4352,-135,16496
-2786,-216,16593
-1380,-340,16629
26,-513,16622
1652,-583,16660
3446,-606,16778
6330,-778,16827
6330,-778,16827
7760,-830,16826
9404,-853,16880
11025,-840,16920
12486,-879,16928
13780,-935,16925
15168,-917,16937
16766,-868,16979
18127,-871,17032
19223,-887,17060
20556,-834,17098
21938,-773,17185
22984,-766,17268
24011,-726,17307
25219,-640,17359
26144,-625,17414
26754,-659,17397
27734,-618,17370
28887,-526,17409
29485,-474,17445
29965,-400,17448
30800,-289,17458
31334,-240,17442
31474,-193,17397
31474,-193,17397
32763,64,17486
32763,64,17486
32764,477,17498
32764,477,17498
32764,1102,17531
32764,1102,17531
32764,1776,17429
32764,2135,17453
32764,2472,17484
32764,2847,17492
32764,2847,17492
32764,3342,17482
32764,3342,17482
31369,3556,17387
31369,3556,17387
29693,3337,17285
29693,3337,17285
27908,3000,17234
27908,3000,17234
26718,2673,17186
25413,2310,17113
24320,2011,17080
23186,1690,17067
21859,1367,17049
20484,1093,17021
19105,783,16963
17708,534,16915
16246,400,16899
14654,247,16864
13118,86,16804
11696,-41,16748
10160,-160,16709
8652,-246,16696
7333,-356,16677
5890,-480,16622
4234,-526,16544
2663,-562,16492
1223,-618,16480
-302,-638,16448
-1899,-646,16380
-3349,-654,16331
-4659,-668,16314
-6042,-699,16274
-7534,-680,16199
-8944,-658,16137
-10312,-714,16091
-11798,-754,16037
-13204,-714,15977
-14427,-645,15928
-15764,-598,15896
-17218,-625,15860
-18511,-690,15821
-19770,-739,15784
-19770,-739,15784
-22098,-795,15751
-22098,-795,15751
-24571,-938,15666
-24571,-938,15666
-26716,-1015,15576
-26716,-1015,15576
-28760,-1153,15563
-28760,-1153,15563
-30102,-1188,15477
-30102,-1188,15477
-30955,-1277,15458
-31838,-1294,15421
-32180,-1279,15410
-32496,-1287,15424
-32764,-1320,15426
-32764,-1359,15446
-32764,-1358,15484
-32764,-1375,15490
-32764,-1408,15502
-32764,-1376,15574
-32764,-1338,15634
-32764,-1336,15624
-32764,-1316,15594
-32764,-1312,15594
-32525,-1261,15616
-31992,-1181,15644
-31242,-1207,15684
-30382,-1180,15739
-29643,-1063,15790
-29053,-1000,15796
-28320,-933,15764
-27258,-824,15753
-26019,-694,15800
-24650,-551,15892
-23400,-449,15968
-22716,-436,15946
-22126,-402,15850
-20649,-288,15866
-18462,-165,16045
-16743,-87,16196
-15794,-108,16214
-14743,-160,16180
-14743,-160,16180
-11199,-52,16298
-11199,-52,16298
-7869,58,16415
-7869,58,16415
-4637,-167,16548
-4637,-167,16548
-1669,-359,16611
-1669,-359,16611
1462,-498,16646
3154,-566,16697
3154,-566,16697
6095,-759,16757
6095,-759,16757
9155,-778,16882
9155,-778,16882
12298,-827,17002
12298,-827,17002
14828,-948,17019
14828,-948,17019
17983,-838,17121
17983,-838,17121
19132,-896,17146
20401,-876,17172
21789,-844,17228
22897,-806,17283
23925,-724,17311
25130,-630,17325
26132,-599,17321
26766,-617,17293
27609,-569,17298
28767,-468,17371
29508,-425,17421
29857,-415,17388
30518,-335,17374
31254,-208,17418
31591,-103,17425
31990,-6,17409
32678,119,17459
32764,268,17520
32764,466,17540
32764,738,17560
32764,1091,17580
32764,1452,17549
32764,1776,17502
32764,2138,17508
32764,2498,17512
32764,2832,17459
32764,3154,17438
32764,3353,17452
32167,3433,17388
31350,3490,17308
30796,3489,17302
29848,3376,17286
29848,3376,17286
27958,3026,17229
27958,3026,17229
25424,2332,17100
25424,2332,17100
23458,1769,17130
23458,1769,17130
20579,1037,17050
20579,1037,17050
17973,592,17051
17973,592,17051
16457,387,17000
14998,251,16950
13538,100,16895
11972,-62,16824
10393,-194,16748
8924,-286,16665
7580,-349,16596
6130,-429,16554
4473,-496,16512
2905,-527,16468
1491,-561,16424
-27,-608,16364
-1607,-648,16306
-2986,-685,16267
-4283,-700,16240
-5779,-696,16204
-7332,-693,16157
-8708,-658,16118
-10090,-650,16062
-11626,-719,15974
-13002,-722,15914
-14180,-656,15922
-15529,-651,15949
-16987,-692,15920
-18290,-738,15835
-19592,-781,15765
-20940,-771,15728
-21999,-764,15704
-23030,-852,15673
-24504,-983,15618
-25884,-1056,15579
-26695,-1049,15587
-26695,-1049,15587
-28659,-1208,15492
-28659,-1208,15492
-30031,-1214,15518
-30031,-1214,15518
-31711,-1288,15472
-31711,-1288,15472
-32541,-1342,15454
-32541,-1342,15454
-32764,-1358,15475
-32764,-1358,15475
-32764,-1332,15480
-32764,-1288,15504
-32764,-1288,15504
-32764,-1358,15566
-32764,-1358,15566
-32764,-1333,15577
-32764,-1333,15577
-32568,-1247,15590
-32568,-1247,15590
-31288,-1054,15675
-31288,-1054,15675
-30438,-1065,15733
-29666,-1018,15760
-29108,-961,15742
-28439,-915,15722
-27364,-805,15758
-26145,-674,15838
-24882,-543,15912
-23595,-448,15975
-22735,-439,15992
-22177,-393,15926
-20927,-286,15920
-18813,-166,16068
-17002,-85,16210
-15959,-113,16232
-14889,-122,16190
-13313,-102,16175
-11469,-28,16226
-9754,145,16301
-8210,96,16368
-6626,-138,16436
-4924,-234,16520
-3246,-298,16612
-1766,-402,16674
-358,-477,16681
1166,-558,16668
2796,-630,16692
4412,-675,16749
5886,-728,16785
7269,-802,16804
8833,-862,16853
10572,-880,16920
12101,-893,16968
13324,-893,16968
14625,-932,17014
14625,-932,17014
17702,-856,17119
17702,-856,17119
20172,-890,17187
20172,-890,17187
22617,-827,17206
22617,-827,17206
24985,-682,17298
24985,-682,17298
26007,-654,17323
26572,-618,17304
27428,-581,17311
28614,-563,17375
29320,-508,17406
29714,-451,17382
30460,-373,17410
31140,-272,17458
31355,-188,17432
31840,-62,17414
32764,120,17478
32764,325,17532
32764,546,17521
32764,788,17487
32764,1080,17478
32764,1422,17486
32764,1807,17490
32764,2168,17506
32764,2506,17513
32764,2862,17482
32764,3124,17443
32764,3262,17424
32428,3399,17427
31757,3486,17408
30783,3427,17346
29742,3256,17274
28942,3084,17223
28185,2932,17194
26994,2630,17152
25666,2248,17105
24660,1970,17101
23570,1678,17074
22134,1320,16994
20745,1049,16965
20745,1049,16965
18119,539,16986
18119,539,16986
15109,216,16890
15109,216,16890
12176,-44,16779
12176,-44,16779
9162,-304,16664
9162,-304,16664
6338,-476,16572
6338,-476,16572
4762,-511,16547
1610,-550,16425
1610,-550,16425
-1386,-596,16357
-1386,-596,16357
-4157,-582,16224
-4157,-582,16224
-7065,-596,16154
-7065,-596,16154
-9954,-572,16133
-9954,-572,16069
-11395,-635,15996
-12738,-584,15957
-13989,-538,15946
-15340,-603,15922
-16725,-629,15881
-18025,-650,15839
-19376,-702,15792
-20744,-744,15745
-21844,-796,15710
-22847,-828,15684
-24180,-900,15660
-25613,-1004,15629
-26577,-1032,15603
-27376,-1092,15578
-28551,-1200,15520
-29519,-1218,15488
-29934,-1229,15527
-30560,-1296,15538
-31538,-1347,15484
-32176,-1360,15457
-32531,-1353,15470
-32531,-1353,15470
-32764,-1364,15404
-32764,-1384,15420
-32764,-1399,15471
-32764,-1380,15498
-32764,-1392,15520
-32764,-1414,15549
-32764,-1398,15568
-32764,-1371,15586
-32764,-1338,15604
-32538,-1297,15606
-32538,-1297,15606
-31458,-1173,15689
-31458,-1173,15689
-29982,-1131,15747
-29982,-1131,15747
-28403,-897,15785
-28403,-897,15785
-26274,-715,15897
-26274,-715,15897
-23786,-530,15981
-23786,-530,15981
-22888,-431,16006
-22273,-364,15969
-21032,-266,15952
-18983,-125,16044
-17184,-52,16144
-16149,-50,16168
-15078,1,16163
-13438,0,16185
-11662,18,16228
-10056,158,16284
-8421,141,16359
-6721,-20,16441
-5092,-124,16508
-3519,-224,16558
-2037,-336,16592
-667,-455,16598
848,-555,16610
2593,-617,16674
4259,-680,16745
5759,-730,16789
7210,-794,16836
8678,-840,16890
10259,-823,16940
11823,-860,16978
13164,-940,16997
14476,-950,17024
16044,-931,17063
17591,-928,17110
18790,-937,17146
20014,-910,17173
21453,-843,17224
22634,-805,17276
22634,-805,17276
24627,-706,17294
24627,-706,17294
26478,-663,17292
26478,-663,17292
28416,-527,17328
28416,-527,17328
29710,-441,17426
29710,-441,17426
31147,-199,17449
31147,-199,17449
31498,-123,17461
31737,-47,17438
32437,75,17482
32764,386,17536
32764,386,17536
32764,929,17489
32764,929,17489
32764,1640,17449
32764,1640,17449
32764,2416,17492
32764,2416,17492
32764,2774,17476
32764,3107,17456
32764,3353,17466
32534,3513,17432
31709,3606,17370
31043,3582,17338
30176,3416,17293
29107,3284,17225
28230,3132,17190
27178,2765,17158
25909,2390,17119
24793,2118,17109
23619,1801,17090
22320,1455,17046
21062,1132,17020
19694,829,16996
18259,582,16948
16931,396,16912
15467,236,16878
13822,56,16820
12360,-108,16757
10963,-197,16690
9368,-286,16617
9368,-286,16617
6492,-473,16592
4959,-578,16563
3341,-616,16491
1893,-636,16440
438,-664,16420
-1132,-684,16394
-2630,-711,16343
-4040,-710,16294
-5453,-710,16282
-6892,-712,16260
-6892,-712,16260
-9724,-670,16093
-9724,-670,16093
-12631,-724,15964
-12631,-724,15964
-15146,-658,15928
-15146,-658,15928
-17970,-704,15815
-17970,-704,15815
-20598,-708,15761
-20598,-704,15741
-21758,-724,15727
-22761,-755,15716
-24001,-798,15694
-25428,-878,15633
-26444,-923,15576
-27144,-964,15560
-28172,-1094,15534
-29230,-1146,15509
-29958,-1107,15514
-30744,-1154,15499
-31535,-1201,15481
-32028,-1214,15498
-32359,-1262,15533
-32764,-1291,15550
-32764,-1341,15518
-32764,-1392,15492
-32764,-1355,15514
-32764,-1327,15521
-32764,-1328,15523
-32764,-1297,15544
-32764,-1274,15545
-32764,-1263,15536
-32764,-1254,15544
-32584,-1246,15550
-32409,-1220,15550
-31787,-1198,15598
-30782,-1160,15689
-29910,-1074,15759
-29266,-1015,15778
-28562,-977,15781
-27628,-876,15811
-26593,-787,15842
-26593,-787,15842
-23988,-586,15922
-23988,-586,15922
-22190,-451,15984
-22190,-451,15984
-19553,-212,15944
-19553,-212,15944
-16240,-47,16157
-16240,-47,16157
-13928,-166,16140
-13928,-166,16140
-12079,-83,16183
-10129,111,16298
-8528,149,16383
-5421,-163,16507
-5421,-163,16507
-2218,-289,16634
-2218,-289,16634
667,-533,16638
667,-533,16638
4018,-614,16766
4018,-614,16766
5561,-639,16838
6963,-719,16860
8387,-762,16875
10054,-771,16919
11706,-810,16968
13011,-870,16976
14234,-929,16959
15784,-909,16990
17436,-841,17074
18707,-855,17124
19824,-893,17109
21194,-844,17116
22514,-788,17196
23566,-779,17295
24660,-730,17346
25764,-696,17350
26522,-692,17348
27192,-607,17364
28235,-528,17400
29244,-477,17432
29728,-400,17403
30227,-334,17361
31040,-222,17398
31040,-222,17398
31672,-58,17425
32318,76,17471
32764,285,17555
32764,449,17552
32764,633,17473
32764,916,17435
32764,1269,17480
32764,1650,17528
32764,1650,17528
32764,2297,17526
32764,2297,17526
32764,3003,17457
32764,3003,17457
32603,3373,17432
32603,3373,17432
30881,3482,17347
30881,3482,17347
29243,3222,17276
29243,3222,17276
28408,3092,17254
27414,2832,17236
26154,2471,17193
24984,2158,17155
23859,1878,17142
22479,1570,17098
21080,1265,17023
19878,995,16967
18618,727,16920
17140,497,16864
15597,350,16830
14086,209,16827
12605,41,16810
11106,-98,16752
9550,-228,16666
8089,-335,16604
6700,-420,16580
5125,-470,16548
3506,-478,16484
2125,-534,16423
730,-588,16384
-872,-592,16347
-2388,-641,16312
-3808,-686,16281
-5312,-694,16245
-6768,-702,16218
-8147,-665,16176
-9571,-641,16098
-11053,-688,16030
-12449,-692,15989
-13684,-646,15960
-14961,-647,15929
-16340,-654,15888
-17642,-659,15850
-17642,-659,15850
-20407,-782,15768
-20407,-782,15768
-22486,-860,15679
-22486,-860,15679
-25292,-1065,15628
-25292,-1065,15628
-27014,-1147,15573
-27014,-1147,15573
-29282,-1263,15494
-29282,-1263,15494
-29814,-1232,15522
-30435,-1300,15519
-31444,-1388,15462
-32343,-1411,15515
-32343,-1411,15515
-32764,-1347,15500
-32764,-1347,15500
-32764,-1343,15523
-32764,-1343,15523
-32764,-1303,15498
-32764,-1303,15498
-32764,-1316,15538
-32764,-1300,15582
-32764,-1265,15580
-32764,-1274,15573
-32642,-1266,15588
-32375,-1236,15580
-31915,-1207,15586
-30998,-1124,15657
-30041,-1034,15725
-29393,-980,15746
-28738,-903,15762
-27760,-810,15800
-26726,-741,15825
-25690,-648,15833
-24283,-514,15901
-22890,-380,16006
-22171,-332,16000
-21468,-331,15897
-19833,-203,15897
-17806,-30,16034
-16365,-7,16149
-15338,-7,16149
-14042,-53,16150
-14042,-53,16150
-10484,25,16276
-8752,136,16366
-7176,-16,16422
-5620,-166,16473
-3953,-206,16555
-2318,-339,16624
-887,-500,16617
479,-571,16596
479,-571,16596
3777,-644,16764
3777,-644,16764
6644,-801,16780
6644,-801,16780
9844,-826,16879
9844,-826,16879
12907,-932,17086
12907,-932,17086
15442,-948,17036
15442,-948,17036
17100,-891,17075
18391,-845,17132
19534,-872,17140
20949,-875,17154
22258,-809,17208
23271,-771,17261
24433,-698,17308
25600,-629,17336
26272,-699,17329
26931,-676,17324
28116,-506,17362
29125,-452,17400
29526,-445,17378
30099,-343,17352
31019,-241,17387
31509,-150,17406
31693,-46,17371
32253,41,17381
32764,169,17472
32764,341,17534
32764,548,17534
32764,850,17535
32764,1195,17522
32764,1540,17479
32764,1903,17483
32764,2263,17519
32764,2616,17494
32764,2947,17456
32764,3196,17465
32660,3363,17456
31890,3482,17386
31141,3511,17292
30296,3424,17214
29316,3302,17168
29316,3302,17168
27652,2927,17161
27652,2927,17161
25068,2202,17070
25068,2202,17070
22794,1560,17025
22794,1560,17025
19988,928,16962
19988,928,16962
18645,668,16940
17272,460,16922
15832,357,16909
14299,236,16873
12760,52,16808
9715,-219,16674
9715,-219,16674
6900,-427,16634
6900,-427,16634
3717,-544,16486
3717,-544,16486
2298,-566,16428
848,-570,16374
-727,-607,16306
-2198,-646,16268
-3592,-675,16251
-5057,-705,16236
-6459,-692,16235
-7829,-657,16216
-9345,-648,16162
-10871,-651,16109
-12253,-634,16045
-13531,-608,15961
-14845,-605,15893
-16218,-622,15862
-17416,-643,15864
-18607,-670,15843
-20136,-722,15760
-21514,-738,15684
-22420,-725,15671
-23506,-804,15670
-25022,-923,15609
-26230,-971,15522
-26895,-1035,15490
-26895,-1035,15490
-29018,-1156,15428
-29018,-1156,15428
-30415,-1216,15434
-31159,-1255,15468
-31867,-1276,15490
-32218,-1274,15501
-32626,-1334,15521
-32764,-1379,15519
-32764,-1370,15522
-32764,-1402,15574
-32764,-1402,15574
-32764,-1424,15556
-32764,-1424,15556
-32764,-1367,15635
-32764,-1367,15635
-32764,-1364,15592
-32764,-1364,15592
-32491,-1302,15609
-32491,-1302,15609
-30977,-1207,15681
-30977,-1207,15681
-30173,-1128,15692
-29384,-1073,15721
-28733,-1016,15750
-28004,-922,15774
-26957,-808,15809
-25723,-715,15863
-24394,-617,15956
-23216,-476,16033
-22469,-388,16004
-21646,-377,15933
-20064,-292,15976
-18045,-136,16120
-16421,-90,16215
-15370,-130,16210
-14294,-128,16190
-12671,-124,16238
-10724,10,16317
-9000,170,16362
-7510,42,16386
-5893,-116,16444
-4104,-158,16531
-2466,-277,16575
-1103,-422,16564
301,-512,16561
1922,-560,16626
3570,-604,16729
5083,-680,16778
6522,-740,16785
8036,-743,16841
9674,-722,16941
11307,-775,17014
12681,-887,17033
12681,-887,17033
15188,-893,17050
15188,-893,17050
18352,-867,17167
18352,-867,17167
20710,-868,17186
20710,-868,17186
23202,-828,17276
23202,-828,17276
25436,-649,17303
25436,-649,17303
26271,-656,17352
26888,-618,17359
27874,-507,17352
28925,-456,17381
29508,-451,17431
30829,-265,17476
30829,-265,17476
31572,-126,17441
31572,-126,17441
32764,88,17552
32764,88,17552
32764,234,17549
32764,467,17506
32764,763,17504
32764,1090,17520
32764,1432,17501
32764,1799,17485
32764,2171,17504
32764,2528,17498
32764,2853,17445
32764,3098,17400
32764,3286,17380
32019,3438,17348
31195,3493,17303
30414,3419,17271
29451,3295,17230
28621,3189,17197
27797,2985,17196
26500,2650,17144
25210,2332,17078
24264,2068,17103
23086,1760,17136
21579,1400,17090
20232,1090,17030
20232,1090,17030
17600,556,16936
17600,556,16936
14584,265,16884
13094,63,16820
11560,-97,16745
10019,-177,16696
8543,-243,16663
7091,-320,16614
5526,-320,16614
3942,-446,16500
3942,-446,16500
1071,-513,16443
1071,-513,16443
-1964,-628,16347
-1964,-628,16347
-4812,-694,16330
-4812,-694,16330
-7726,-692,16226
-7726,-692,16226
-9207,-677,16187
-10706,-678,16149
-12102,-718,16072
-13359,-750,15977
-14659,-776,15921
-16053,-793,15896
-17318,-765,15867
-18544,-781,15813
-20052,-829,15730
-21441,-807,15672
-22341,-802,15676
-23364,-883,15674
-24753,-1010,15623
-25980,-1102,15574
-26874,-1104,15562
-27813,-1138,15563
-28922,-1208,15523
-29710,-1197,15476
-30161,-1200,15497
-30916,-1262,15522
-31863,-1296,15490
-32369,-1322,15467
-32696,-1355,15482
-32764,-1354,15493
-32764,-1346,15504
-32764,-1351,15520
-32764,-1376,15517
-32764,-1390,15502
-32764,-1350,15504
-32764,-1290,15505
-32764,-1270,15486
-32764,-1296,15518
-32711,-1274,15607
-32421,-1213,15658
-32421,-1213,15658
-31140,-1140,15667
-31140,-1140,15667
-29432,-1013,15816
-29432,-1013,15816
-27995,-900,15824
-27995,-900,15824
-26031,-701,15870
-26031,-701,15870
-23293,-498,16026
-23293,-498,16026
-22488,-382,16040
-21818,-330,15974
-20361,-247,15976
-18262,-99,16086
-16716,-84,16144
-14601,-110,16116
-14601,-110,16116
-10958,-74,16248
-10958,-74,16248
-7658,0,16348
-7658,0,16348
-5990,-139,16491
-4363,-207,16576
-2781,-314,16593
-1347,-400,16600
27,-472,16632
1630,-555,16701
3372,-606,16767
4935,-684,16782
6367,-763,16781
7839,-774,16827
9436,-798,16900
11086,-854,16945
12530,-897,16972
13736,-930,17010
15052,-900,17040
16644,-851,17040
18115,-877,17038
19323,-888,17096
20628,-832,17198
21948,-811,17270
22985,-816,17277
22985,-816,17277
25260,-612,17307
25260,-612,17307
26717,-627,17341
26717,-627,17341
28887,-450,17394
29544,-427,17474
30010,-376,17494
30719,-295,17476
31221,-212,17446
31518,-103,17426
31518,-103,17426
32764,170,17519
32764,170,17519
32764,494,17496
32764,494,17496
32764,1110,17540
32764,1110,17540
32764,1832,17484
32764,1832,17484
32764,2474,17513
32764,2474,17513
32764,2835,17527
32764,3128,17526
32682,3285,17494
32170,3422,17435
31485,3509,17376
30548,3419,17312
29492,3235,17256
28712,3116,17247
27927,2950,17245
26667,2600,17180
25364,2252,17099
24348,2004,17085
23220,1701,17086
21790,1366,17033
20361,1061,16962
19106,761,16926
17800,535,16910
16274,377,16874
14686,242,16808
13222,106,16748
11751,-77,16706
10158,-224,16665
8666,-280,16629
7318,-355,16610
5851,-450,16592
4222,-470,16565
2641,-480,16530
1199,-534,16480
-288,-583,16407
-1851,-618,16344
-3282,-645,16299
-4677,-672,16230
-6148,-699,16172
-7516,-681,16162
-7516,-681,16162
-10381,-650,16056
-10381,-650,16056
-13140,-674,15858
-13140,-674,15858
-15884,-678,15852
-15884,-678,15852
-18405,-748,15794
-18405,-748,15794
-21218,-775,15743
-21218,-820,15727
-22133,-823,15731
-23203,-872,15694
-24617,-1037,15621
-25735,-1116,15593
-26574,-1142,15600
-28882,-1289,15522
-28882,-1289,15522
-30122,-1292,15519
-30122,-1292,15519
-30839,-1344,15518
-31631,-1380,15494
-32218,-1368,15470
-32712,-1356,15471
-32764,-1360,15477
-32764,-1351,15468
-32764,-1366,15479
-32764,-1387,15521
-32764,-1394,15550
-32764,-1391,15553
-32764,-1372,15544
-32764,-1378,15517
-32764,-1368,15511
-32764,-1288,15561
-32321,-1212,15611
-31931,-1175,15623
-31278,-1141,15650
-30436,-1080,15716
-29769,-986,15763
-29183,-928,15752
-28220,-894,15750
-27019,-779,15808
-25951,-645,15866
-25951,-645,15866
-23520,-487,15948
-23520,-487,15948
-21986,-325,15873
-21986,-325,15873
-18448,-87,15998
-16945,-46,16093
-15962,-61,16118
-14723,-4,16138
-12964,-16,16192
-11135,102,16256
-11135,102,16256
-7975,36,16362
-7975,36,16362
-4652,-215,16510
-4652,-215,16510
-1619,-424,16600
-1619,-424,16600
1412,-580,16682
1412,-580,16682
4582,-670,16759
4582,-670,16759
6106,-775,16787
7617,-852,16823
9114,-856,16867
10708,-860,16924
12248,-892,16983
13496,-925,17006
14792,-936,16988
16448,-893,16992
17987,-874,17055
19130,-891,17130
20356,-859,17181
21758,-812,17225
22849,-803,17258
23774,-770,17274
25003,-679,17312
26089,-634,17355
26692,-674,17349
27548,-641,17347
28754,-544,17409
29496,-532,17442
29948,-494,17405
30692,-375,17405
31268,-284,17427
31427,-178,17384
31918,-32,17347
32764,129,17395
32764,311,17450
32764,500,17452
32764,732,17462
32764,1048,17494
32764,1429,17496
32764,1814,17490
32764,1814,17490
32764,2494,17510
32764,2494,17510
32764,3135,17444
32764,3135,17444
32176,3430,17419
32176,3430,17419
30786,3506,17344
30786,3506,17344
28763,3185,17246
28763,3185,17246
28009,3010,17219
26919,2712,17187
25541,2361,17126
24465,2082,17116
23403,1805,17140
21994,1475,17112
20564,1132,17061
17988,604,17007
17988,604,17007
15006,250,16926
15006,250,16926
13476,71,16888
11914,-97,16840
10394,-192,16780
8923,-262,16718
7522,-372,16673
6105,-460,16638
4541,-506,16576
2957,-555,16500
1445,-602,16444
-105,-651,16395
-1640,-663,16333
-3030,-670,16278
-4418,-744,16232
-5893,-773,16208
-7307,-726,16196
-8676,-710,16152
-10143,-724,16073
-11635,-749,15985
-12968,-761,15922
-14251,-722,15890
-15673,-684,15864
-17021,-688,15847
-18204,-739,15829
-18204,-739,15829
-21000,-851,15701
-21000,-851,15701
-22912,-786,15685
-22912,-786,15685
-25817,-1050,15555
-26631,-1092,15513
-27456,-1097,15518
-28688,-1146,15522
-29580,-1160,15536
-29996,-1167,15559
-29996,-1167,15559
-31716,-1306,15474
-31716,-1306,15474
-32455,-1309,15527
-32455,-1309,15527
-32764,-1362,15456
-32764,-1362,15456
-32764,-1342,15519
-32764,-1342,15519
-32764,-1301,15534
-32764,-1311,15556
-32764,-1328,15602
-32764,-1311,15623
-32764,-1336,15598
-32764,-1307,15594
-32380,-1217,15643
-31849,-1180,15678
-31452,-1148,15653
-30661,-1097,15650
-29676,-1018,15704
-29036,-918,15732
-28342,-864,15746
-27270,-784,15815
-26145,-672,15893
-24971,-607,15948
-23625,-505,16006
-22622,-375,16028
-21988,-308,15966
-20745,-255,15949
-18729,-152,16078
-17052,-82,16205
-16036,-57,16204
-14866,-24,16160
-13286,-64,16175
-11582,-29,16221
-9859,122,16249
-8158,96,16309
-6515,-44,16422
-4879,-146,16533
-3254,-274,16606
-1753,-422,16636
-343,-558,16643
1167,-630,16662
1167,-630,16662
4443,-722,16785
4443,-722,16785
7408,-889,16859
7408,-889,16859
10582,-822,16963
10582,-822,16963
13388,-980,16954
13388,-980,16954
16250,-844,17012
16250,-844,17012
17786,-805,17088
18898,-855,17115
20118,-866,17112
21617,-800,17150
22840,-758,17223
23785,-744,17276
24902,-670,17300
26602,-636,17300
26602,-636,17300
28628,-418,17414
28628,-418,17414
29261,-398,17462
29610,-392,17447
30442,-320,17464
31231,-229,17485
31430,-126,17456
31819,7,17450
32626,160,17491
32764,328,17498
32764,490,17458
32764,720,17454
32764,1070,17495
32764,1436,17481
32764,1801,17414
32764,2172,17399
32764,2504,17439
32764,2832,17471
32764,3153,17488
32764,3360,17484
32323,3438,17443
31514,3472,17390
30736,3435,17353
29857,3435,17353
29016,3203,17268
29016,3203,17268
27104,2659,17250
27104,2659,17250
24518,2029,17096
24518,2029,17096
22268,1522,17084
20722,1146,17038
19426,817,16998
18163,558,16967
18163,558,16967
15193,314,16867
15193,314,16867
12186,-66,16742
12186,-66,16742
9167,-238,16676
9167,-238,16676
6258,-424,16639
6258,-424,16639
3135,-524,16511
3135,-524,16511
1742,-537,16476
197,-562,16446
-1389,-607,16384
-2820,-650,16319
-4221,-702,16278
-5679,-719,16247
-7078,-686,16212
-8490,-651,16146
-10011,-642,16063
-11491,-654,15984
-12787,-628,15905
-14044,-619,15850
-15421,-659,15843
-16746,-674,15854
-17948,-730,15822
-19345,-825,15734
-20822,-877,15665
-21902,-852,15678
-22869,-811,15707
-24180,-908,15666
-25494,-1068,15600
-26468,-1107,15578
-27399,-1117,15573
-28518,-1220,15539
-29487,-1286,15480
-30037,-1285,15462
-30606,-1292,15506
-31476,-1276,15522
-32142,-1278,15500
-32480,-1310,15484
-32764,-1322,15450
-32764,-1363,15421
-32764,-1414,15455
-32764,-1390,15495
-32764,-1390,15495
-32764,-1376,15504
-32764,-1376,15504
-32764,-1310,15549
-32764,-1310,15549
-32764,-1254,15558
-32764,-1254,15558
-32324,-1194,15659
-32324,-1194,15659
-30594,-1126,15716
-30594,-1036,15766
-29764,-992,15796
-29150,-930,15792
-28494,-837,15754
-27592,-770,15746
-26520,-675,15807
-25214,-539,15903
-23765,-424,15982
-22129,-315,15917
-22129,-315,15917
-21017,-322,15870
-19136,-175,15967
-17348,-42,16102
-16213,-69,16145
-15116,-104,16132
-13526,-132,16154
-11724,-102,16214
-10010,40,16284
-8357,58,16376
-6781,-107,16473
-5208,-238,16543
-3477,-314,16596
-1880,-410,16620
-632,-520,16609
761,-616,16616
2562,-683,16675
4307,-724,16736
5725,-754,16749
7076,-796,16755
8676,-831,16811
10398,-863,16886
11849,-918,16918
13066,-970,16939
13066,-970,16939
15956,-936,17056
15956,-936,17056
18604,-886,17154
18604,-886,17154
21484,-799,17262
21484,-799,17262
23508,-782,17260
24725,-713,17284
25878,-650,17356
26529,-632,17375
26529,-632,17375
28430,-476,17402
28430,-476,17402
29692,-424,17424
29692,-424,17424
31183,-257,17423
31183,-257,17423
31841,-8,17372
31841,-8,17372
32764,301,17477
32764,301,17477
32764,483,17468
32764,771,17466
32764,1120,17519
32764,1442,17544
32764,1762,17502
32764,2106,17482
32764,2484,17522
32764,2823,17522
32764,3062,17468
32764,3229,17450
32625,3353,17454
31764,3417,17412
30879,3372,17357
30058,3218,17320
29111,3054,17276
28252,2888,17232
27249,2615,17191
25878,2336,17132
24661,2107,17095
23666,1804,17097
22432,1442,17080
21022,1126,17037
19643,862,16999
18264,638,16956
16907,460,16922
15485,348,16894
13928,242,16833
12390,76,16763
10881,-58,16724
9336,-149,16690
7907,-250,16652
6540,-364,16624
6540,-364,16624
3420,-418,16537
3420,-418,16537
544,-513,16426
544,-513,16426
-2547,-606,16280
-2547,-606,16280
-5438,-641,16157
-5438,-641,16157
-8226,-620,16051
-8226,-620,16051
-9634,-595,16016
-11167,-668,15967
-12608,-708,15910
-13861,-690,15907
-15170,-697,15954
-16560,-717,15958
-17836,-740,15894
-19212,-778,15806
-20744,-825,15738
-22756,-855,15716
-22756,-855,15716
-23967,-974,15647
-25392,-1108,15548
-26360,-1114,15517
-27109,-1139,15538
-28300,-1256,15508
-29519,-1313,15424
-30116,-1319,15400
-30633,-1316,15442
-31531,-1299,15462
-32154,-1319,15484
-32339,-1358,15533
-32764,-1355,15528
-32764,-1351,15472
-32764,-1361,15468
-32764,-1359,15498
-32764,-1364,15506
-32764,-1337,15543
-32764,-1284,15592
-32764,-1299,15583
-32764,-1295,15569
-32764,-1230,15612
-32564,-1204,15612
-32194,-1186,15656
-32194,-1186,15656
-30644,-1112,15689
-30644,-1112,15689
-29319,-928,15765
-29319,-928,15765
-27647,-733,15753
-27647,-733,15753
-25401,-590,15834
-23960,-455,15917
-23960,-455,15917
-22222,-323,15956
-22222,-323,15956
-19398,-187,16004
-19398,-187,16004
-16324,-14,16213
-16324,-14,16213
-13810,-64,16199
-13810,-64,16199
-10274,93,16317
-10274,93,16317
-8640,118,16374
-7038,-54,16450
-5367,-238,16518
-3740,-322,16544
-2287,-394,16558
-910,-527,16568
586,-618,16585
2242,-612,16650
3938,-661,16739
5520,-760,16795
6950,-813,16824
8403,-858,16862
10040,-878,16901
11676,-883,16923
12997,-934,16940
14172,-960,16956
15655,-903,16984
17267,-852,17048
18555,-863,17117
19764,-861,17165
21186,-840,17228
22498,-845,17294
23534,-816,17308
24602,-705,17307
25699,-625,17346
26493,-632,17372
27241,-599,17350
28284,-494,17344
29167,-430,17376
29634,-420,17384
30185,-361,17375
30912,-290,17387
31430,-219,17404
31854,-42,17436
31854,-42,17436
32764,232,17519
32764,232,17519
32764,604,17514
32764,604,17514
32764,1301,17601
32764,1301,17601
32764,1944,17526
32764,1944,17526
32764,2661,17502
32764,2661,17502
32764,2999,17478
32764,3232,17467
32525,3366,17438
31715,3435,17377
30939,3434,17313
30066,3347,17260
29116,3241,17220
28365,3140,17218
27398,2865,17218
24758,2482,17146
24758,2201,17056
23855,1936,17026
22728,1620,17026
21238,1314,17011
19770,988,16976
18514,709,16957
17186,550,16956
15610,410,16919
14073,237,16848
12699,59,16790
11173,-99,16736
9518,-212,16683
8088,-287,16657
6742,-396,16628
5177,-507,16560
3598,-519,16482
2188,-522,16432
708,-597,16388
-909,-641,16322
-2380,-649,16270
-3716,-685,16239
-5180,-727,16212
-5180,-727,16212
-8070,-698,16192
-8070,-698,16192
-11102,-682,16047
-11102,-682,16047
-13656,-700,15960
-13656,-700,15960
-16468,-723,15921
-16468,-723,15921
-19008,-835,15785
-20474,-863,15718
-20474,-863,15718
-22534,-857,15688
-22534,-857,15688
-25213,-1132,15579
-25213,-1132,15579
-26934,-1122,15553
-26934,-1122,15553
-29292,-1271,15493
-29292,-1271,15493
-30242,-1300,15491
-30242,-1300,15491
-31290,-1310,15482
-32115,-1294,15452
-32275,-1252,15479
-32702,-1244,15486
-32764,-1294,15435
-32764,-1322,15427
-32764,-1324,15465
-32764,-1311,15500
-32764,-1289,15549
-32764,-1309,15578
-32764,-1309,15552
-32764,-1245,15536
-32764,-1218,15560
-32728,-1196,15596
-32223,-1122,15622
-31659,-1081,15627
-30940,-1088,15640
-30019,-1080,15710
-29346,-1031,15760
-28859,-957,15726
-27875,-858,15726
-26637,-703,15802
-25538,-590,15878
-24256,-544,15964
-23105,-461,16037
-22550,-413,15988
-21664,-345,15907
-19661,-157,15981
-17585,-34,16124
-16430,-70,16172
-15516,-89,16144
-14091,-68,16139
-12350,-73,16178
-10571,29,16214
-10571,29,16214
-7098,-19,16397
-7098,-19,16397
-3997,-276,16531
-3997,-276,16531
-1040,-442,16561
-1040,-442,16561
2060,-563,16609
2060,-563,16609
5297,-721,16683
5297,-721,16736
6646,-772,16802
8163,-812,16903
9843,-821,16977
11445,-848,16988
12829,-929,16996
14135,-994,17043
15613,-919,17106
17173,-832,17142
18444,-868,17127
19556,-882,17120
20936,-864,17180
22369,-835,17255
23434,-745,17281
24394,-680,17273
25453,-665,17283
26248,-661,17310
26930,-615,17309
27968,-507,17322
28960,-424,17388
29514,-386,17427
30106,-341,17414
30912,-284,17412
31449,-209,17424
31800,-100,17453
32428,35,17524
32764,160,17574
32764,285,17554
32764,547,17542
32764,878,17587
32764,1143,17604
32764,1452,17546
32764,1788,17482
32764,1788,17482
32764,2486,17440
32764,2486,17440
32764,3221,17434
32764,3221,17434
31790,3477,17319
31790,3477,17319
30361,3465,17284
30361,3465,17284
28666,3224,17252
27720,2941,17244
27720,2941,17244
25065,2252,17095
25065,2252,17095
22954,1665,17148
22954,1665,17148
20057,998,17053
20057,998,17053
17324,509,16956
17324,509,16956
14284,264,16853
14284,264,16853
12812,80,16776
11322,-78,16713
9788,-189,16670
8338,-288,16623
6918,-383,16568
5369,-473,16512
3806,-536,16468
2361,-541,16442
868,-553,16416
-725,-586,16375
-2204,-616,16346
-3603,-685,16323
-5073,-731,16277
-6510,-712,16240
-7883,-687,16207
-9315,-672,16144
-10812,-700,16075
-12236,-740,16005
-13494,-734,15950
-14744,-700,15936
-16134,-697,15918
-17489,-764,15842
-18749,-838,15726
-20096,-909,15631
-21344,-919,15600
-22335,-833,15603
-23529,-868,15577
-25017,-1029,15530
-26157,-1102,15528
-26878,-1138,15569
-27876,-1240,15565
-29107,-1305,15509
-29107,-1305,15509
-30297,-1275,15536
-30297,-1275,15536
-31885,-1318,15465
-31885,-1318,15465
-32729,-1361,15496
-32729,-1361,15496
-32764,-1374,15489
-32764,-1374,15489
-32764,-1333,15496
-32764,-1333,15496
-32764,-1301,15530
-32764,-1309,15575
-32764,-1287,15567
-32764,-1249,15540
-32764,-1232,15562
-32673,-1206,15597
-32431,-1198,15591
-32004,-1162,15579
-31171,-1074,15628
-30240,-984,15728
-29472,-921,15796
-28795,-906,15797
-27909,-894,15796
-26851,-798,15850
-25745,-660,15936
-24417,-544,16020
-23214,-418,16057
-22536,-331,15996
-21674,-264,15920
-19926,-130,15969
-17950,-2,16083
-16594,-24,16120
-15534,-98,16088
-14183,-94,16088
-12513,-102,16156
-10756,14,16237
-9040,184,16324
-7369,57,16439
-5790,-181,16526
-4206,-286,16559
-2587,-388,16587
-1132,-512,16620
238,-579,16637
1807,-622,16658
1807,-622,16658
5112,-732,16793
5112,-732,16793
7856,-790,16901
7856,-790,16901
11144,-890,16947
11144,-890,16947
13880,-987,16998
13880,-987,16998
16886,-848,17045
18232,-880,17102
18232,-880,17102
20668,-859,17178
20668,-859,17178
23095,-804,17254
23095,-804,17254
25316,-706,17333
25316,-706,17333
26898,-669,17366
26898,-669,17366
28931,-444,17453
28931,-444,17453
29511,-441,17478
29996,-415,17452
30782,-307,17467
31349,-148,17490
31634,-30,17458
32228,24,17424
32764,158,17427
32764,357,17440
32764,564,17472
32764,866,17534
32764,1170,17545
32764,1465,17476
32764,1844,17433
32764,2209,17464
32764,2569,17480
32764,2939,17453
32764,3169,17443
32764,3279,17447
32083,3394,17416
31288,3468,17364
30457,3380,17315
29442,3231,17268
28605,3136,17258
27810,2930,17282
26557,2599,17252
25262,2290,17189
24244,1983,17153
23041,1625,17095
21630,1278,17015
20306,1020,16972
18974,782,16965
17542,548,16961
17542,548,16961
14506,246,16854
14506,246,16854
11503,-22,16710
11503,-22,16710
8607,-214,16664
8607,-214,16664
5715,-426,16582
5715,-426,16582
2481,-441,16482
2481,-441,16482
1054,-493,16440
-491,-555,16374
-2062,-596,16304
-3475,-634,16248
-4852,-650,16211
-6281,-654,16206
-7669,-697,16200
-9059,-744,16155
-10554,-732,16106
-12055,-714,16069
-13397,-715,16034
-14675,-696,16002
-16032,-710,15942
-17330,-757,15869
-18543,-790,15836
-19904,-819,15804
-21243,-818,15732
-22270,-821,15670
-23377,-906,15628
-24736,-1032,15603
-25900,-1091,15600
-26877,-1103,15572
-27923,-1165,15516
-28943,-1230,15488
-29662,-1228,15491
-30135,-1246,15503
-30811,-1280,15489
-31700,-1296,15450
-32311,-1327,15459
-32666,-1349,15498
-32764,-1363,15486
-32764,-1341,15448
-32764,-1341,15448
-32764,-1325,15524
-32764,-1325,15524
-32764,-1295,15554
-32764,-1295,15554
-32764,-1283,15578
-32764,-1283,15578
-32764,-1298,15600
-32764,-1298,15600
-32070,-1178,15583
-32070,-1178,15583
-31208,-1112,15646
-29571,-1031,15759
-29571,-1031,15759
-28082,-888,15731
-28082,-888,15731
-25784,-677,15894
-25784,-677,15894
-23332,-476,15984
-23332,-476,15984
-21778,-258,15945
-21778,-258,15945
-20312,-174,15934
-18332,-82,16026
-16773,-57,16137
-15698,-82,16174
-14430,-51,16153
-12688,-44,16162
-10841,45,16217
-9247,161,16294
-7777,30,16390
-6204,-159,16483
-4488,-230,16544
-2821,-305,16575
-1384,-432,16587
16,-555,16597
1618,-628,16618
3294,-660,16679
4808,-692,16771
6218,-759,16831
7670,-824,16856
9230,-840,16892
10886,-844,16940
12415,-880,16990
13698,-964,17031
15028,-984,17046
16603,-910,17070
18061,-866,17134
19254,-850,17186
20568,-825,17192
21949,-814,17196
22998,-808,17232
23949,-738,17286
25120,-630,17327
26052,-615,17314
26685,-624,17267
26685,-624,17267
28915,-465,17386
28915,-465,17386
29833,-415,17396
29833,-415,17396
31289,-221,17468
31289,-221,17468
32273,-10,17484
32273,-10,17484
32764,392,17533
32764,392,17585
32764,624,17595
32764,849,17574
32764,1131,17535
32764,1508,17492
32764,1891,17489
32764,2210,17516
32764,2533,17498
32764,2846,17417
32764,3100,17370
32764,3299,17395
32293,3416,17378
31317,3420,17293
30486,3319,17242
29619,3176,17239
28731,3054,17236
27918,2870,17228
26674,2532,17183
25264,2172,17120
24254,1914,17122
23172,1649,17117
21744,1304,17034
20399,1018,16976
19181,783,16982
17788,525,16970
16248,367,16906
14730,268,16826
13234,116,16754
11738,-24,16693
10266,-146,16645
8851,-254,16602
7459,-341,16564
5937,-431,16533
5937,-431,16533
2825,-485,16458
2825,-485,16458
-204,-508,16388
-204,-508,16388
-3175,-567,16320
-3175,-567,16320
-6135,-630,16252
-6135,-630,16252
-8857,-585,16176
-8857,-585,16176
-10352,-551,16089
-13132,-646,15931
-13132,-646,15931
-15865,-662,15868
-15865,-662,15868
-18408,-738,15809
-18408,-738,15809
-21129,-868,15687
-21129,-868,15687
-23228,-870,15643
-23228,-870,15643
-24625,-972,15618
-25854,-1063,15591
-26721,-1098,15574
-27776,-1173,15534
-28956,-1240,15497
-29678,-1218,15516
-30137,-1196,15553
-30827,-1244,15550
-31620,-1312,15527
-32164,-1346,15529
-32595,-1368,15548
-32764,-1396,15528
-32764,-1404,15477
-32764,-1406,15471
-32764,-1380,15499
-32764,-1346,15487
-32764,-1349,15474
-32764,-1325,15503
-32764,-1304,15512
-32764,-1331,15529
-32757,-1290,15584
-32361,-1234,15608
-32060,-1232,15622
-31310,-1165,15690
-30340,-1090,15776
-29703,-1058,15811
-29163,-969,15794
-28240,-891,15797
-27057,-826,15845
-25946,-728,15877
-24766,-638,15890
-23539,-527,15934
-22729,-527,15934
-22027,-404,15887
-22027,-404,15887
-18548,-130,16022
-18548,-130,16022
-15990,-68,16174
-15990,-68,16174
-13094,-121,16145
-13094,-121,16145
-9492,163,16308
-9492,163,16308
-7891,172,16393
-6365,1,16440
-4735,-150,16488
-3097,-247,16584
-1625,-327,16677
-210,-445,16709
1360,-540,16722
3017,-582,16769
4599,-646,16834
6092,-699,16868
7530,-736,16876
9075,-781,16916
10781,-780,16981
12304,-821,17005
13513,-930,16974
14838,-912,16962
16482,-798,17018
17975,-789,17088
19114,-854,17106
20378,-865,17101
21807,-798,17150
22915,-742,17241
23813,-724,17302
24976,-697,17326
26062,-690,17328
26725,-654,17319
27616,-538,17363
28824,-442,17453
29478,-402,17460
29734,-373,17391
30433,-317,17399
31210,-210,17472
31546,-80,17480
31984,52,17466
31984,52,17466
32764,344,17542
32764,344,17542
32764,752,17478
32764,752,17478
32764,1430,17576
32764,1430,17576
32764,2044,17488
32764,2044,17488
32764,2762,17499
32764,2762,17499
32764,3108,17560
32194,3300,17457
32194,3300,17457
30662,3373,17351
30662,3373,17351
28932,3232,17314
28932,3232,17314
26897,2632,17208
26897,2632,17208
24478,2054,17119
24478,2054,17119
23453,1743,17103
22112,1392,17032
20697,1083,16977
19358,823,16936
18012,581,16892
16548,444,16855
14978,348,16815
13486,126,16774
12114,-84,16728
10599,-184,16652
8977,-268,16585
7542,-352,16582
6108,-475,16580
4465,-572,16526
2890,-546,16478
1467,-540,16455
-52,-597,16420
-1622,-625,16360
-3067,-678,16298
-4491,-733,16240
-5928,-703,16197
-7320,-687,16164
-8785,-686,16114
-10298,-649,16056
-11716,-687,15994
-13020,-728,15924
-14313,-678,15853
-15705,-682,15790
-17056,-719,15768
-18287,-722,15766
-19662,-779,15720
-21022,-800,15662
-21022,-800,15662
-23079,-766,15673
-23079,-766,15673
-25644,-1042,15644
-25644,-1042,15644
-27616,-1064,15544
-27616,-1064,15544
-29443,-1142,15475
-29443,-1142,15475
-30593,-1202,15476
-30593,-1202,15476
-31518,-1288,15493
-32126,-1297,15502
-32507,-1313,15503
-32764,-1324,15461
-32764,-1310,15432
-32764,-1342,15470
-32764,-1368,15486
-32764,-1387,15451
-32764,-1397,15476
-32764,-1360,15541
-32764,-1360,15549
-32764,-1386,15532
-32764,-1366,15545
-32640,-1317,15573
-32306,-1250,15602
-31531,-1182,15648
-30540,-1134,15714
-29748,-1101,15766
-29154,-1092,15775
-28387,-1071,15774
-27396,-941,15798
-26373,-795,15833
-25090,-722,15900
-23655,-587,15998
-22810,-484,16002
-22252,-478,15884
-20834,-349,15852
-18758,-148,15984
-17200,-83,16106
-16211,-51,16120
-15000,14,16105
-13328,14,16159
-11486,134,16263
-9710,316,16348
-9710,316,16348
-6434,72,16487
-6434,72,16487
-3098,-96,16656
-3098,-96,16656
-416,-297,16637
-416,-297,16637
3040,-484,16727
3040,-484,16727
5936,-647,16812
5936,-647,16812
7313,-755,16814
10549,-840,16901
10549,-840,16901
13339,-936,16928
13339,-936,16928
16236,-948,17043
16236,-948,17043
18904,-945,17090
18904,-945,17090
20093,-888,17140
21540,-814,17263
22733,-778,17352
23615,-775,17346
24724,-747,17324
25890,-712,17368
26690,-664,17421
27469,-564,17422
28485,-496,17417
29247,-484,17437
29717,-408,17462
30435,-299,17507
31139,-245,17523
31395,-216,17463
31770,-169,17428
32537,-60,17493
32764,111,17554
32764,256,17516
32764,405,17463
32764,692,17498
32764,1034,17550
32764,1306,17533
32764,1613,17491
32764,1613,17491
32764,2424,17512
32764,2796,17506
32764,3106,17476
32458,3393,17437
31763,3661,17393
30970,3736,17344
30046,3649,17276
29214,3614,17220
28484,3521,17223
27329,3232,17214
27329,3232,17214
24832,2533,17078
24832,2533,17078
22364,1844,17013
22364,1844,17013
19561,1135,16994
19561,1135,16994
16784,548,16906
16784,548,16906
13740,232,16786
13740,232,16786
12231,52,16747
10670,-90,16700
9131,-244,16649
7722,-375,16642
6263,-484,16640
4622,-567,16583
3041,-620,16510
1583,-676,16449
59,-753,16382
-1477,-790,16314
-2893,-813,16274
-4331,-916,16248
-5816,-981,16220
-7222,-996,16192
-8651,-1023,16144
-10159,-974,16073
-11622,-959,15990
-12923,-1002,15924
-14129,-967,15914
-15464,-951,15914
-16838,-947,15884
-18070,-919,15841
-19378,-960,15779
-20741,-1007,15721
-21838,-967,15703
-22846,-901,15691
-24092,-887,15659
-25406,-919,15625
-26340,-930,15613
-27118,-978,15608
-28342,-1080,15552
-29410,-1106,15489
-29410,-1106,15489
-30452,-1116,15492
-30452,-1116,15492
-31929,-1125,15454
-31929,-1125,15454
-32764,-1199,15446
-32764,-1199,15446
-32764,-1243,15437
-32764,-1243,15437
-32764,-1243,15504
-32764,-1243,15504
-32764,-1254,15527
-32764,-1238,15554
-32764,-1178,15586
-32764,-1205,15608
-32764,-1205,15608
-32035,-1126,15623
-32035,-1126,15623
-30692,-1085,15669
-30692,-1085,15669
-29176,-1000,15763
-29176,-1000,15763
-28596,-902,15737
-27626,-812,15766
-26444,-750,15850
-25179,-672,15928
-23908,-546,15996
-23053,-436,16024
-22453,-402,15968
-21198,-366,15939
-19132,-267,16041
-17338,-203,16160
-16275,-174,16184
-15177,-138,16150
-13578,-141,16146
-11739,-59,16195
-10010,107,16271
-8405,130,16371
-6774,16,16471
-5088,-106,16528
-3416,-209,16549
-1924,-340,16565
-584,-462,16591
941,-510,16633
2651,-560,16684
2651,-560,16684
5714,-689,16756
7206,-780,16810
8741,-826,16879
10384,-828,16924
11984,-875,16943
13294,-938,16975
14539,-940,17025
16047,-865,17072
17530,-806,17114
18707,-816,17164
18707,-816,17164
21348,-785,17286
21348,-785,17286
23558,-739,17305
23558,-739,17305
25825,-594,17341
25825,-594,17341
27250,-568,17308
27250,-568,17308
29240,-398,17332
29240,-398,17394
29660,-383,17424
30257,-353,17430
30986,-322,17428
31408,-246,17405
31868,-109,17409
32606,20,17453
32764,149,17471
32764,293,17456
32764,499,17469
32764,817,17514
32764,1179,17518
32764,1532,17476
32764,1853,17464
32764,2181,17494
32764,2589,17498
32764,2968,17473
32764,3220,17484
32678,3423,17498
31822,3570,17428
30888,3615,17325
30094,3551,17264
29284,3434,17228
28486,3270,17208
27418,2956,17186
25997,2600,17134
24770,2326,17095
23767,2040,17081
22533,1690,17049
21095,1342,17007
19679,1025,16978
18294,756,16957
16871,579,16932
16871,579,16932
13864,243,16825
13864,243,16825
11000,-138,16767
11000,-138,16767
7804,-312,16652
7804,-312,16652
4838,-513,16533
4838,-513,16533
1762,-585,16442
1762,-585,16442
304,-610,16376
-1228,-668,16319
-2689,-714,16292
-5552,-832,16194
-5552,-832,16194
-8389,-766,16107
-8389,-766,16107
-11269,-766,16032
-11269,-766,16032
-13878,-804,15968
-13878,-804,15968
-15192,-787,15964
-16546,-838,15941
-17806,-862,15890
-19109,-872,15820
-20510,-828,15762
-21652,-750,15738
-22628,-788,15702
-23932,-932,15622
-25316,-1057,15548
-26256,-1095,15526
-27128,-1107,15515
-28323,-1180,15471
-29317,-1220,15440
-29840,-1182,15462
-30437,-1188,15494
-31316,-1250,15486
-32048,-1284,15458
-32504,-1314,15477
-32764,-1338,15514
-32764,-1318,15510
-32764,-1294,15501
-32764,-1282,15517
-32764,-1285,15517
-32764,-1285,15517
-32764,-1290,15550
-32764,-1256,15553
-32764,-1241,15565
-32764,-1214,15624
-32764,-1190,15634
-32344,-1178,15606
-31638,-1121,15631
-30752,-1027,15705
-29926,-961,15776
-29304,-934,15772
-29304,-934,15772
-27700,-841,15706
-27700,-841,15706
-25416,-604,15888
-25416,-604,15888
-22965,-356,16006
-22965,-356,16006
-21151,-285,15892
-21151,-285,15892
-17411,-106,15966
-17411,12,16095
-16247,-18,16154
-15212,-58,16128
-13788,-108,16102
-11976,-53,16163
-10135,170,16265
-8524,212,16340
-6970,-18,16394
-5281,-197,16432
-3556,-303,16483
-2012,-436,16569
-654,-538,16645
780,-584,16678
2400,-634,16685
3992,-711,16704
5472,-761,16748
6937,-774,16819
8445,-772,16899
10040,-808,16938
11630,-896,16936
12992,-959,16940
14212,-938,16972
15706,-866,17021
17315,-823,17076
18504,-831,17114
19585,-844,17136
21036,-820,17186
22426,-750,17250
23416,-682,17279
24468,-645,17290
25660,-652,17312
26420,-685,17306
27046,-604,17282
27046,-604,17282
29148,-361,17393
29148,-361,17393
30126,-371,17337
30126,-371,17337
31410,-245,17422
31410,-245,17422
32475,0,17497
32475,0,17497
32764,276,17532
32764,276,17532
32764,499,17510
32764,834,17546
32764,1201,17580
32764,1942,17530
32764,1942,17530
32764,2614,17424
32764,2614,17424
32764,3262,17450
32764,3262,17450
31814,3480,17340
31814,3480,17340
31143,3530,17318
30235,3461,17296
29171,3346,17258
28476,3210,17242
27601,2872,17213
26221,2479,17145
25016,2198,17098
23986,1910,17084
22670,1568,17052
21255,1210,17024
19931,916,17022
18516,711,17017
17040,519,16999
15598,342,16959
14078,158,16874
12565,-56,16783
11170,-176,16731
9723,-224,16696
8199,-324,16656
6680,-455,16610
5070,-563,16554
3433,-598,16505
1976,-574,16483
1976,-574,16483
-933,-676,16384
-2401,-710,16302
-3813,-735,16223
-5306,-762,16169
-6773,-762,16158
-8156,-718,16148
-9605,-671,16108
-11146,-704,16051
-12525,-704,16051
-13686,-681,15954
-13686,-681,15954
-16383,-642,15879
-16383,-642,15879
-18863,-739,15745
-18863,-739,15745
-21498,-743,15685
-21498,-743,15685
-23810,-808,15644
-23810,-808,15644
-25201,-902,15568
-26172,-948,15532
-27090,-972,15531
-28225,-1048,15519
-29172,-1165,15510
-29755,-1193,15509
-30413,-1207,15505
-31221,-1272,15508
-31848,-1274,15511
-32333,-1251,15502
-32764,-1287,15480
-32764,-1308,15452
-32764,-1306,15457
-32764,-1342,15504
-32764,-1347,15541
-32764,-1329,15547
-32764,-1349,15541
-32764,-1294,15529
-32764,-1221,15529
-32764,-1244,15564
-32634,-1261,15600
-32323,-1230,15597
-31793,-1191,15576
-30984,-1144,15594
-30136,-1060,15650
-29382,-991,15698
-28646,-957,15726
-27690,-889,15777
-26636,-802,15843
-25592,-725,15890
-24266,-606,15955
-23034,-463,16038
-22385,-418,16029
-21533,-430,15961
-21533,-430,15961
-17641,-149,16126
-17641,-149,16126
-15429,-190,16160
-15429,-190,16160
-12267,-114,16145
-12267,-114,16145
-8811,102,16273
-8811,102,16273
-5532,-187,16435
-5532,-187,16435
-3844,-239,16498
-2356,-326,16526
-932,-410,16555
2172,-525,16661
2172,-525,16661
5226,-628,16827
5226,-628,16827
8125,-784,16887
8125,-784,16887
11493,-826,16982
11493,-826,16982
12866,-866,17041
14076,-920,17075
15500,-885,17094
17074,-810,17130
18411,-818,17175
19585,-825,17196
20880,-806,17198
22119,-818,17210
23197,-797,17239
24366,-708,17274
25514,-655,17290
26287,-682,17270
26992,-639,17266
28062,-521,17341
29009,-461,17424
29490,-427,17411
30074,-353,17375
30848,-251,17406
31249,-180,17444
31548,-118,17456
32303,24,17499
32303,24,17499
32764,403,17554
32764,403,17554
32764,868,17502
32764,1174,17490
32764,1555,17474
32764,1914,17472
32764,2219,17480
32764,2565,17476
32764,2926,17464
32764,3169,17452
32764,3169,17452
32002,3410,17391
32002,3410,17391
30315,3340,17289
30315,3340,17289
28573,3082,17233
28573,3082,17233
26270,2423,17145
26270,2423,17145
24175,1942,17150
24175,1942,17150
22907,1596,17137
21348,1252,17053
20030,1003,16997
18813,766,16983
17369,541,16946
15827,357,16870
14336,183,16781
12855,19,16711
11364,-97,16678
9867,-166,16659
8410,-238,16628
6984,-357,16587
5432,-482,16540
3778,-539,16472
2258,-550,16399
825,-556,16342
-684,-572,16301
-2147,-614,16284
-3526,-672,16278
-4972,-723,16236
-6446,-747,16193
-7884,-697,16182
-9374,-626,16149
-10913,-629,16064
-12368,-669,15972
-13620,-684,15925
-14834,-680,15906
-16208,-690,15866
-17520,-708,15812
-18730,-740,15751
-20170,-788,15681
-21522,-758,15648
-22420,-719,15656
-23537,-787,15646
-23537,-787,15646
-26213,-953,15556
-26213,-953,15556
-27895,-1059,15551
-27895,-1059,15551
-29680,-1176,15528
-29680,-1176,15528
-31200,-1317,15500
-31200,-1317,15500
-32285,-1274,15500
-32285,-1274,15500
-32698,-1286,15510
-32764,-1304,15484
-32764,-1339,15461
-32764,-1305,15514
-32764,-1305,15514
-32764,-1364,15536
-32764,-1364,15536
-32764,-1358,15551
-32764,-1358,15551
-32764,-1342,15545
-32764,-1252,15577
-32353,-1206,15624
-31856,-1168,15660
-31148,-1121,15695
-30192,-1125,15766
-29401,-1085,15831
-28870,-1035,15834
-28007,-994,15846
-26813,-872,15902
-25758,-766,15927
-24599,-680,15945
-23328,-528,15996
-22467,-474,15982
-21624,-473,15893
-19984,-342,15895
-17982,-192,16018
-16568,-150,16117
-15556,-146,16118
-14305,-122,16094
-12675,-105,16135
-10866,37,16223
-9096,161,16320
-9096,161,16320
-5815,-85,16462
-5815,-85,16462
-2493,-269,16612
-1070,-376,16664
192,-462,16654
1746,-490,16647
3543,-538,16709
5164,-591,16800
6530,-642,16848
7931,-735,16874
7931,-735,16874
11225,-758,16967
11225,-758,16967
13957,-840,17036
13957,-840,17036
16896,-786,17044
16896,-786,17044
19394,-757,17154
19394,-757,17154
22071,-763,17204
22071,-763,17204
23152,-724,17268
24166,-665,17307
25375,-581,17332
26314,-614,17342
26931,-630,17333
27860,-517,17364
28894,-422,17432
29428,-410,17447
29900,-365,17428
30722,-271,17460
31325,-178,17489
31607,-54,17458
32186,66,17440
32764,178,17468
32764,332,17486
32764,537,17480
32764,830,17480
32764,1161,17474
32764,1495,17451
32764,1846,17442
32764,2136,17424
32764,2423,17386
32764,2794,17397
32764,3102,17446
32764,3231,17435
31953,3314,17368
31338,3408,17328
30578,3362,17306
29406,3228,17253
28535,3124,17201
27878,2915,17176
26663,2554,17136
25274,2216,17136
24248,1948,17100
24248,1948,17100
21706,1308,16996
21706,1308,16996
18956,782,16964
18956,782,16964
16084,367,16891
16084,367,16891
13138,86,16830
13138,86,16830
10114,-54,16780
10114,-171,16666
8620,-239,16570
7242,-330,16567
5738,-444,16588
2439,-508,16476
2439,-508,16476
-581,-576,16403
-581,-576,16403
-3419,-690,16324
-3419,-690,16324
-4755,-750,16242
-6209,-750,16177
-7683,-738,16146
-9165,-711,16094
-10680,-664,16001
-12137,-688,15920
-13410,-691,15906
-14638,-636,15920
-16019,-694,15892
-17320,-742,15852
-18498,-714,15813
-19904,-782,15750
-21244,-805,15696
-22202,-765,15680
-23372,-851,15676
-24909,-946,15652
-26115,-984,15616
-26850,-1024,15601
-27729,-1088,15579
-28792,-1187,15536
-29532,-1204,15521
-30131,-1169,15523
-30972,-1218,15490
-30972,-1218,15490
-32160,-1276,15458
-32160,-1276,15458
-32764,-1348,15417
-32764,-1305,15407
-32764,-1346,15436
-32764,-1371,15470
-32764,-1362,15496
-32764,-1363,15514
-32764,-1326,15525
-32764,-1310,15548
-32764,-1310,15548
-32764,-1246,15620
-32764,-1246,15620
-32056,-1225,15652
-32056,-1225,15652
-30242,-1073,15749
-30242,-1073,15749
-28920,-1055,15778
-28920,-1055,15778
-27132,-895,15854
-27132,-895,15854
-26013,-784,15914
-24640,-664,15993
-23359,-550,16050
-22622,-442,16027
-21879,-370,15925
-20322,-312,15901
-18275,-175,16032
-16668,-88,16168
-15604,-144,16184
-14459,-158,16133
-12886,-134,16132
-11051,-24,16212
-9242,160,16324
-7624,104,16408
-6081,-103,16471
-4378,-188,16550
-2658,-256,16611
-1238,-403,16603
15,-500,16562
1529,-526,16586
3290,-539,16691
4932,-551,16774
6323,-630,16779
7662,-740,16787
9228,-769,16862
10948,-784,16963
12438,-830,17024
13678,-880,17024
15089,-882,17002
16688,-816,17019
18050,-770,17085
19200,-763,17136
20480,-763,17136
21792,-676,17190
21792,-676,17190
24033,-677,17313
24033,-677,17313
26195,-629,17345
26195,-629,17345
27702,-510,17292
27702,-510,17292
29379,-430,17384
29379,-430,17384
29859,-383,17372
30744,-283,17403
31399,-180,17442
31574,-99,17414
32051,-8,17420
32764,378,17568
32764,378,17568
32764,801,17524
32764,801,17524
32764,1460,17531
32764,1460,17531
32764,1808,17506
32764,2138,17506
32764,2446,17512
32764,2766,17488
32764,3050,17472
32764,3224,17452
32188,3336,17390
31328,3374,17328
30600,3285,17296
29654,3174,17250
28697,3076,17201
27880,2897,17202
26662,2574,17190
25266,2214,17124
24264,1958,17084
23287,1679,17063
21894,1346,17021
20386,1069,16994
19069,771,16964
17728,506,16896
16226,357,16848
14741,250,16846
13324,128,16837
13324,128,16837
10214,-179,16684
10214,-179,16684
7404,-335,16646
5904,-405,16604
4268,-464,16512
2742,-502,16452
1284,-521,16433
-263,-533,16389
-1797,-539,16295
-3176,-598,16209
-3176,-598,16209
-6050,-705,16156
-6050,-705,16156
-8896,-565,16084
-8896,-565,16084
-11890,-576,15947
-11890,-576,15947
-14406,-668,15904
-14406,-668,15904
-17108,-648,15885
-17108,-648,15885
-18300,-664,15874
-19777,-736,15788
-21196,-792,15695
-22160,-790,15681
-23210,-804,15691
-24626,-918,15652
-25820,-1065,15591
-26668,-1127,15549
-27746,-1166,15512
-28916,-1218,15478
-29643,-1213,15470
-30171,-1239,15480
-30895,-1306,15493
-31649,-1347,15498
-32155,-1375,15503
-32608,-1375,15504
-32764,-1364,15487
-32764,-1361,15495
-32764,-1373,15533
-32764,-1389,15536
-32764,-1374,15506
-32764,-1350,15501
-32764,-1334,15539
-32764,-1316,15569
-32764,-1337,15550
-32764,-1351,15513
-32598,-1296,15506
-32042,-1234,15544
-31211,-1174,15602
-30353,-1152,15651
-29612,-1140,15700
-28982,-1061,15734
-28982,-1061,15734
-27187,-880,15765
-27187,-880,15765
-24726,-701,15894
-24726,-701,15894
-22596,-515,16016
-22596,-515,16016
-20548,-383,15909
-20548,-383,15909
-16960,-106,16192
-16960,-106,16192
-15814,-59,16220
-14612,-67,16189
-13060,-145,16213
-11226,-78,16293
-9435,81,16341
-6353,-87,16442
